{"cameraMode":{"drawMode":0,"name":"Shaded","section":"Shading Mode"},"sceneLighting":true,"audioPlay":false,"sceneViewState":{"showFog":true,"showMaterialUpdate":false,"showSkybox":true,"showFlares":true,"showImageEffects":true,"showParticleSystems":true},"in2DMode":false,"pivot":{"x":-9.5367431640625e-7,"y":2.7447726726531984,"z":0.00010970234870910645},"rotation":{"x":-0.10918832570314408,"y":-0.08428036421537399,"z":0.009390424005687237,"w":-0.9904385209083557},"size":8.00091552734375,"orthographic":false}